,AUC,F1-Score,Recall,Precision
0,0.950221270218301,0.664,0.9880952380952381,0.5
